{
  "floresta_secundaria": {
    "minx": -66.53848258931819,
    "miny": -12.899088827729031,
    "maxx": -59.77362951072772,
    "maxy": -9.159312468411052
  },
  "potencial_rn": {
    "minx": -66.53850397985211,
    "miny": -12.898852360673684,
    "maxx": -59.77427588064188,
    "maxy": -9.159364468150986
  }
}